7.977099,13.445752,12.807624,13.5409,13.634755,2.767467,5.3002114,14.166064,24.597689,23.707891,24.36784,21.494812,27.683634,39.07984,37.610867,41.154327,48.253136,18.3546,13.90849,44.788925,62.447674,60.103508,65.31855,72.31304
7.9794645,13.439788,12.810276,13.538536,13.622089,2.765375,5.2975965,14.177449,24.59413,23.706583,24.377256,21.48773,27.658634,39.127346,37.6375,41.144352,48.24946,18.343214,13.906641,44.902924,62.472836,60.08737,65.24845,72.28614
7.9697523,13.440154,12.805133,13.530751,13.623679,2.762968,5.2998586,14.186449,24.636013,23.679388,24.371119,21.484476,27.689518,39.048744,37.558342,41.17941,48.30995,18.354681,13.922029,44.75106,62.429527,60.06555,65.35162,72.38788
7.1298203,11.990593,11.392643,11.989689,12.085838,2.4585981,4.698585,12.5052395,21.822004,20.948662,21.687569,19.146563,24.660639,34.848824,33.35532,36.11195,42.94738,16.376345,12.459749,39.741947,56.01356,53.76366,58.498337,64.15891
7.1304326,11.986707,11.391734,11.993695,12.091223,2.4591506,4.693148,12.5058365,21.840668,20.950035,21.682337,19.153522,24.683912,34.85598,33.38765,36.109097,42.963142,16.369022,12.443563,39.741177,56.060207,53.722103,58.552414,64.12808
7.1303983,11.991889,11.383509,11.991833,12.084302,2.4596028,4.700983,12.511365,21.809832,20.944014,21.663708,19.118649,24.646408,34.8466,33.402187,36.09956,42.96113,16.371325,12.443936,39.742565,56.103954,53.692833,58.594463,64.17391
9.208089,15.50721,14.777686,15.610505,15.477993,3.2075589,5.9281936,16.278353,27.866894,27.218971,27.893194,24.470272,31.685835,44.51379,42.773304,46.753468,55.102634,21.175121,16.04103,50.98877,71.878624,68.7863,74.91254,82.28816
9.205669,15.477823,14.766598,15.613774,15.468653,3.2012491,5.9501824,16.290089,27.856411,27.192554,27.884912,24.493929,31.752567,44.56221,42.752277,46.750988,55.18839,21.17208,16.047657,51.012943,71.93524,68.90623,74.93515,82.351494
9.211734,15.505999,14.768543,15.617471,15.48303,3.2029538,5.9250736,16.288671,27.862352,27.18339,27.878817,24.467546,31.692492,44.54357,42.74071,46.74618,55.138412,21.175953,16.058443,50.980488,71.91201,68.798874,74.92462,82.32004
8.757074,14.74358,13.966535,14.78663,14.785122,3.0433378,5.7823706,15.566562,26.963356,25.817745,26.569729,23.578032,30.296906,41.810562,40.309086,44.267147,52.64706,20.006609,15.076839,48.328056,68.30991,65.60585,71.59217,78.6995
8.747574,14.74636,13.963093,14.78918,14.799716,3.0413513,5.7849927,15.567261,26.979445,25.815937,26.546192,23.56915,30.327927,41.820568,40.30434,44.277214,52.644398,20.003864,15.075734,48.30202,68.283676,65.56286,71.606705,78.67467
8.748586,14.738849,13.967434,14.785808,14.793777,3.0442984,5.7836823,15.564291,26.976183,25.81095,26.569859,23.598017,30.28172,41.82526,40.28456,44.31509,52.651478,20.004574,15.086137,48.303455,68.30864,65.643326,71.61594,78.65109
6.654309,11.151968,10.684901,11.284357,11.329533,2.3194637,4.4557996,11.749183,20.467083,19.673784,20.206419,17.75007,23.798616,33.063972,31.621645,34.537636,40.68874,15.573914,12.33849,39.45824,54.905094,52.622833,56.945988,61.918457
6.658871,11.152881,10.687116,11.277277,11.326057,2.3197124,4.4581113,11.744063,20.464952,19.6639,20.190405,17.748722,23.767551,33.054127,31.637262,34.525158,40.738605,15.580371,12.329929,39.435276,54.89515,52.677456,56.978016,61.959106
6.6623344,11.152226,10.686413,11.273461,11.32395,2.3225687,4.44835,11.748983,20.479586,19.689638,20.190382,17.7268,23.786724,33.023033,31.694878,34.60957,40.793034,15.590174,12.32051,39.4038,54.887363,52.655384,56.959934,62.05459
6.621354,11.163761,10.648021,11.241379,11.1368685,2.2935605,4.361787,11.549828,20.399235,19.650625,20.192278,17.74438,23.55227,33.030075,31.8119,34.81156,41.179638,15.476214,11.843933,37.877056,53.23007,51.14627,55.370934,61.147923
6.62177,11.163309,10.649569,11.236043,11.142955,2.2958877,4.36202,11.567213,20.399286,19.649837,20.199715,17.707687,23.562283,33.02318,31.767466,34.829216,41.15501,15.483251,11.853464,37.82446,53.25444,51.203472,55.395874,61.175762
6.622076,11.161049,10.649304,11.237863,11.139428,2.2952256,4.357604,11.559145,20.388067,19.654036,20.196177,17.728092,23.553425,32.998375,31.784605,34.798153,41.159954,15.482557,11.846046,37.81829,53.25765,51.22312,55.417408,61.161198
8.711389,14.707127,14.046759,14.858436,14.694475,3.0062902,5.7346926,15.226258,27.021507,25.761404,26.614412,23.176958,31.335974,43.50288,41.811256,46.15827,54.135414,20.465279,15.664979,49.70175,70.73485,67.43478,73.54677,81.324455
8.708735,14.699809,14.061551,14.85746,14.689675,3.0040755,5.7323976,15.180884,27.033709,25.787258,26.593014,23.200687,31.37133,43.4023,41.854527,46.05468,54.158657,20.47417,15.678821,49.50961,70.78337,67.329895,73.74012,81.37963
8.713665,14.702296,14.055406,14.850586,14.702332,3.0081518,5.720565,15.219471,26.963463,25.736816,26.664892,23.190159,31.401625,43.531075,41.777454,46.13448,54.19247,20.445152,15.67364,49.673496,70.73172,67.4034,73.743164,81.409325
7.146287,11.857876,11.288037,11.894886,12.00436,2.4805713,4.7930555,12.728327,21.721008,20.898775,21.577602,19.037346,23.69173,33.28754,31.618414,34.619614,39.708263,16.046345,12.391859,39.61047,55.042862,52.752686,56.910202,60.74282
7.1340065,11.852761,11.288206,11.884833,12.005023,2.4796457,4.7897835,12.724456,21.721928,20.867043,21.60341,19.03031,23.697418,33.304153,31.596848,34.630997,39.7746,16.034456,12.365341,39.574905,55.162914,52.69425,56.943943,60.64576
7.1436806,11.849994,11.279719,11.888008,12.002394,2.4823015,4.7830296,12.7280245,21.72949,20.930183,21.582327,19.013433,23.694933,33.313457,31.625565,34.610565,39.787525,16.039545,12.380875,39.593903,55.119045,52.775585,57.009216,60.707012
7.747584,13.208404,12.625869,13.271576,13.095909,2.6856718,5.051302,13.691564,23.891487,22.906965,23.685225,20.6805,28.976068,40.849506,39.05061,42.990704,51.15956,18.730871,14.51069,46.36159,65.195496,62.559673,68.349625,76.77805
7.759206,13.194421,12.619288,13.266839,13.077403,2.6894016,5.0529647,13.663267,23.94975,22.923687,23.700708,20.669964,29.028173,40.903492,39.021915,42.97869,51.14824,18.733614,14.497419,46.3585,65.26395,62.59773,68.333855,76.77971
7.75242,13.193666,12.623619,13.274331,13.073764,2.6867936,5.055693,13.687608,23.934305,22.912846,23.68853,20.691738,28.997711,40.875267,39.04994,42.993484,51.159317,18.71428,14.522117,46.351456,65.21139,62.604282,68.31672,76.83235
6.4709764,10.796334,10.302012,10.779684,10.938436,2.2639647,4.400169,11.551327,19.877281,19.036358,19.67158,17.524702,22.096281,30.932402,29.768393,32.386616,37.579407,14.599435,11.328743,36.504234,52.052624,49.31565,52.985977,56.747723
6.466098,10.800358,10.284466,10.785001,10.951494,2.2621896,4.3949533,11.546792,19.859589,19.031248,19.670008,17.525213,22.106724,30.983414,29.81391,32.384716,37.621468,14.598956,11.313052,36.58586,52.049667,49.30677,53.070156,56.66204
6.475644,10.801541,10.289581,10.782869,10.934461,2.2649286,4.3990345,11.549272,19.86182,19.05159,19.653225,17.526731,22.072783,30.924795,29.759674,32.35256,37.61418,14.603106,11.323146,36.554344,52.08697,49.25591,52.998806,56.794987
5.552159,9.279738,8.8241625,9.316955,9.408105,1.9226639,3.6994684,9.839256,16.893068,16.28296,16.797588,14.87247,19.33974,26.831465,26.046488,28.304848,32.537964,12.768714,9.984542,32.062263,45.250523,43.37149,47.185783,49.365623
5.557388,9.282785,8.823041,9.320109,9.4076,1.9235904,3.7114992,9.834093,16.89534,16.293716,16.822952,14.863158,19.346142,26.871822,26.044527,28.297781,32.50934,12.765392,9.982961,32.036102,45.248287,43.366375,47.179737,49.445152
5.555515,9.281074,8.81831,9.316523,9.391882,1.924804,3.7116318,9.812241,16.890882,16.281742,16.833895,14.832434,19.332354,26.896793,26.009531,28.297503,32.449886,12.773466,9.977116,31.953934,45.21187,43.42528,47.12112,49.498543
7.9175973,13.284469,12.678092,13.388836,13.421425,2.7331657,5.240991,13.839769,24.414816,23.477312,24.098352,21.197365,27.658237,38.67037,37.207687,40.850418,49.559975,18.613695,14.356484,43.44507,60.96619,57.68781,63.689526,72.76292
7.928336,13.298587,12.66199,13.388861,13.400722,2.7311878,5.2188177,13.830959,24.477898,23.453571,24.107777,21.17923,27.684313,38.680187,37.202496,40.90782,49.559265,18.625374,14.352697,43.389862,61.00029,57.716835,63.51334,72.79691
7.927014,13.287164,12.661424,13.396937,13.372978,2.732069,5.244032,13.866972,24.458723,23.451683,24.109182,21.155428,27.714619,38.640434,37.194317,40.792843,49.57343,18.612019,14.370067,43.249355,61.21346,57.682217,63.6986,72.624664
6.24168,10.557205,10.08352,10.5703535,10.684541,2.1755087,4.1350284,11.154696,19.225496,18.530045,19.10607,16.77213,22.564095,31.294233,30.049347,32.810608,37.78025,14.720357,11.737086,37.56519,53.033306,50.54235,54.593998,57.944546
6.2440844,10.558617,10.089024,10.574356,10.68339,2.1776328,4.1353626,11.150288,19.2294,18.529202,19.090387,16.761898,22.56586,31.295494,30.0991,32.78984,37.812363,14.723935,11.733562,37.55642,52.98447,50.57697,54.56992,57.903065
6.2446923,10.556052,10.078715,10.572255,10.678584,2.1730776,4.131052,11.145623,19.239094,18.53995,19.102226,16.778524,22.574495,31.288834,30.0867,32.837337,37.79603,14.723977,11.724815,37.631622,52.98191,50.563847,54.578445,57.936005
6.8049827,11.302995,10.833185,11.405811,11.457788,2.370355,4.480407,11.929446,20.660284,19.87202,20.5382,18.213005,23.575382,32.73117,31.623255,34.788906,42.558533,15.576758,12.005484,36.8317,52.285366,49.80469,54.553024,62.96548
6.817406,11.300881,10.8195715,11.4052925,11.46226,2.373299,4.480647,11.917629,20.669252,19.85623,20.577648,18.20311,23.512903,32.647114,31.577328,34.670918,42.60561,15.582647,11.994491,36.922092,52.372375,49.691708,54.59944,63.067204
6.810832,11.292127,10.820464,11.405565,11.489532,2.3739157,4.48529,11.952804,20.701445,19.867115,20.568005,18.209229,23.44934,32.706627,31.712543,34.78858,42.571114,15.565804,11.982267,36.970963,52.541813,49.676826,54.63872,63.111862
6.8911657,11.7256365,11.162376,11.806086,11.695351,2.3919964,4.469397,12.120213,21.275423,20.423819,21.104074,18.364923,24.768137,34.19853,33.127644,36.775932,43.69097,16.53048,12.587256,38.56608,54.247326,51.80144,56.516983,65.33164
6.906791,11.733461,11.148807,11.794141,11.703443,2.388246,4.4604726,12.090553,21.234833,20.45049,21.152271,18.36778,24.784983,34.505653,33.18847,36.814922,43.74852,16.509369,12.621326,38.519367,54.302746,51.826866,56.60332,65.2094
6.9027596,11.7355585,11.146477,11.796748,11.703084,2.390485,4.457173,12.089923,21.239637,20.454536,21.166725,18.37619,24.768837,34.40089,33.198708,36.78123,43.712784,16.51743,12.612737,38.511875,54.295803,51.836544,56.57887,65.20345
7.0505996,11.86732,11.26308,11.923413,11.900655,2.4439905,4.6271415,12.45793,21.550852,20.844072,21.460056,18.862255,24.850286,34.534576,33.49932,36.683918,43.7852,16.371582,12.559334,38.930798,55.1662,52.84965,57.39566,64.71713
7.0569005,11.85936,11.25952,11.924523,11.88475,2.4441566,4.6259713,12.4621315,21.552338,20.82502,21.465294,18.856955,24.866632,34.52341,33.54418,36.703026,43.79434,16.366755,12.548076,38.89646,55.293995,52.905525,57.365738,64.68872
7.0623994,11.873266,11.257851,11.924692,11.9066925,2.4477117,4.631919,12.4306135,21.539541,20.825481,21.459784,18.830055,24.89857,34.53475,33.593475,36.65697,43.718193,16.37497,12.529503,38.790493,55.236954,52.907806,57.2777,64.45434
6.7350264,11.343853,10.743041,11.357308,11.162103,2.3193889,4.5001597,11.830591,20.527597,19.881775,20.455063,18.199385,23.662632,32.833706,31.88104,35.250725,41.676826,15.586939,12.178967,37.04145,52.7533,50.521954,55.727516,60.828995
6.734908,11.338409,10.7406435,11.357016,11.17347,2.3198955,4.5057764,11.833504,20.534649,19.884771,20.457914,18.215109,23.645754,32.877953,31.90015,35.251614,41.691143,15.593042,12.186905,37.10924,52.69173,50.40101,55.76763,60.9258
6.736051,11.34604,10.74418,11.35951,11.166237,2.3205538,4.5006614,11.825098,20.513443,19.869429,20.455675,18.218603,23.639559,32.88654,31.881166,35.256207,41.689423,15.585405,12.180585,37.015003,52.730022,50.52015,55.77608,60.812084
7.296198,12.263794,11.636169,12.272608,12.350055,2.5171096,4.783283,12.839393,22.265417,21.425726,22.188843,19.55607,25.805521,36.35331,34.498627,38.148624,44.95508,17.043507,12.974785,40.533722,56.768764,54.52679,59.128773,67.635025
7.292628,12.249964,11.649236,12.279633,12.355018,2.5230527,4.7816744,12.838659,22.28294,21.424057,22.18396,19.576797,25.857164,36.452286,34.531624,38.11163,44.951443,17.040499,12.948185,40.488605,56.869183,54.63853,59.09747,67.642204
7.2988143,12.255844,11.645621,12.274585,12.356694,2.5198772,4.778014,12.838694,22.28307,21.440529,22.203999,19.58841,25.858416,36.426983,34.549324,38.098953,44.884735,17.05398,12.956302,40.492363,56.809002,54.648296,59.19278,67.68204
6.107225,10.274619,9.734465,10.27271,10.298292,2.094145,4.059079,10.859914,18.772984,17.98195,18.677263,16.51867,21.47292,29.765495,28.473171,31.251549,36.081432,14.079368,11.167227,36.162136,50.29698,48.35086,52.221355,55.853237
6.1050715,10.274816,9.732073,10.26758,10.294532,2.0941968,4.057746,10.855619,18.777042,17.983091,18.693727,16.507486,21.45784,29.785799,28.474646,31.27069,36.08084,14.080677,11.182,36.087246,50.387478,48.360455,52.25477,55.80531
6.1174216,10.280475,9.737784,10.280682,10.289673,2.0954998,4.0616355,10.849251,18.783503,17.999584,18.67299,16.520643,21.468958,29.74959,28.494577,31.272047,36.10236,14.079419,11.16985,36.143562,50.358326,48.35857,52.223774,55.865143
5.8595476,9.838508,9.418334,9.799567,9.88216,2.0127819,3.8653193,10.332395,17.879957,17.20385,17.749058,15.75167,20.436714,28.44649,27.459274,29.83192,34.632015,13.433828,10.678972,34.461853,48.819862,45.617973,50.262077,53.724518
5.8621745,9.832216,9.412586,9.812127,9.876948,2.012678,3.8663116,10.336842,17.90968,17.176071,17.755524,15.713954,20.447922,28.441423,27.424366,29.881746,34.667904,13.424678,10.660364,34.51758,48.75876,45.78285,50.264957,53.788086
5.863489,9.848244,9.401625,9.821192,9.883874,2.014197,3.874821,10.331933,17.885033,17.165825,17.750843,15.729066,20.445372,28.552334,27.413776,29.882662,34.6285,13.427163,10.676768,34.50028,48.7544,45.758488,50.349384,53.744705
6.3258033,10.661187,10.11663,10.666681,10.778661,2.2165504,4.2535186,11.196429,19.42246,18.635975,19.274942,17.127966,22.004416,30.837124,29.556164,32.559265,37.61346,14.621074,11.670917,37.858543,52.810936,50.64963,54.693813,58.624416
6.332412,10.654182,10.107848,10.670163,10.77713,2.214384,4.2393913,11.225268,19.428469,18.611124,19.25855,17.097725,22.011717,30.799591,29.554314,32.636932,37.59317,14.610201,11.680039,37.930527,52.83117,50.53465,54.811916,58.68382
6.324383,10.655383,10.10514,10.666068,10.784483,2.2106748,4.242452,11.224761,19.43768,18.624989,19.24848,17.088812,22.024443,30.815893,29.565836,32.599373,37.587612,14.6175,11.672631,37.87824,52.77501,50.540062,54.732986,58.678288
7.086908,11.890506,11.356391,11.908278,12.03918,2.4553027,4.6731343,12.479475,21.612856,20.94897,21.54923,18.99802,24.864458,35.321953,33.84704,36.870796,44.091793,16.458126,12.613746,39.175484,55.595085,53.072514,57.59228,65.12905
7.1044774,11.888609,11.359766,11.916924,12.024065,2.4530525,4.6600714,12.463847,21.632627,20.959164,21.558819,18.972494,24.846092,35.314587,33.784195,36.835102,43.974533,16.473728,12.61469,39.24695,55.7572,53.172653,57.39814,64.98001
7.105444,11.884929,11.348997,11.906332,12.024986,2.4545362,4.663052,12.460324,21.601236,20.967003,21.52573,19.041088,24.906563,35.23031,33.848186,36.818153,43.97237,16.484505,12.60246,39.215656,55.666775,53.015022,57.37329,65.09391
6.718893,11.228269,10.695363,11.313994,11.363808,2.313817,4.4161544,11.898575,20.461048,19.82794,20.47313,18.012291,23.571367,32.505108,31.157211,34.298943,39.476227,15.402273,12.146147,39.567078,55.75759,53.032,57.683002,61.294693
6.7298727,11.227156,10.710198,11.3014555,11.378442,2.3107207,4.4202285,11.898011,20.413609,19.828152,20.483826,18.00156,23.578558,32.469383,31.204117,34.278748,39.478622,15.405518,12.152495,39.529156,55.711353,52.97863,57.67534,61.324947
6.7252436,11.230629,10.7000475,11.305497,11.371425,2.3145585,4.41536,11.901056,20.435793,19.832012,20.483782,18.018068,23.587473,32.49866,31.157368,34.249897,39.48976,15.404607,12.152937,39.53914,55.731373,52.993397,57.702755,61.274593
8.771758,14.719678,13.969495,14.885287,14.843454,3.0340602,5.718308,15.498593,26.679562,25.789831,26.685183,23.507505,31.231878,43.36063,42.15068,46.214603,53.53789,20.584227,15.589925,47.998707,68.52405,66.10626,71.31509,80.533226
8.76515,14.706735,13.9588,14.906859,14.8437,3.032578,5.712251,15.521507,26.67026,25.777094,26.657084,23.594313,31.191975,43.25331,42.076736,46.13659,53.74546,20.58126,15.54117,48.129105,68.39255,65.97754,71.42297,80.537155
8.759152,14.728995,13.955589,14.893487,14.825964,3.0274982,5.714009,15.491522,26.654934,25.70579,26.664385,23.579689,31.27972,42.95415,42.0999,46.190548,53.55991,20.627316,15.518277,47.976948,68.41089,66.30404,71.321976,80.56449
8.146705,13.575982,12.854684,13.592691,13.648037,2.7896254,5.363478,14.225346,24.517452,23.709183,24.618275,21.547476,28.889008,40.09534,38.24214,42.714813,50.093655,18.805853,14.241081,44.86339,62.46986,59.635807,66.18155,75.21705
8.131542,13.583618,12.849836,13.603952,13.629905,2.7886434,5.3500648,14.229096,24.549482,23.72042,24.632807,21.597416,28.829527,39.93248,38.316402,42.498894,50.02486,18.798376,14.260086,44.907387,62.51332,59.755627,66.12498,74.96521
8.1254,13.602526,12.851375,13.605771,13.64653,2.7859125,5.3514056,14.2361145,24.582846,23.682775,24.66055,21.566963,28.850216,39.856663,38.152283,42.48153,50.003765,18.814505,14.26718,44.865463,62.61769,59.928417,66.06658,74.99081
7.711998,12.968121,12.308882,12.953282,13.028002,2.6817608,5.0810704,13.668974,23.323162,22.569674,23.337841,20.345932,27.369095,38.358498,36.616364,40.14893,47.867382,18.07981,13.882129,42.131783,59.815006,57.868908,62.798923,70.83056
7.7180414,12.967409,12.303081,12.957209,13.032977,2.6823251,5.0939493,13.670596,23.3544,22.599695,23.331903,20.337837,27.406149,38.39831,36.575962,40.03057,47.711628,18.071377,13.853655,42.227943,59.787018,57.78863,62.775047,70.84082
7.717915,12.972125,12.300235,12.957784,13.037994,2.681111,5.090554,13.675004,23.34401,22.58401,23.325731,20.335026,27.402872,38.420727,36.594193,39.987324,47.759098,18.079084,13.861762,42.24595,59.825848,57.777927,62.824837,70.91776
6.690967,11.296163,10.748983,11.282848,11.3572035,2.33373,4.404007,11.823962,20.588646,19.823185,20.359472,18.116787,23.56879,33.34373,31.6925,34.82279,41.787663,15.629198,11.926645,37.066883,52.522396,49.867958,54.923462,61.93721
6.6823373,11.292947,10.741772,11.290124,11.35883,2.3305213,4.4036913,11.819586,20.61059,19.810547,20.377382,18.133636,23.5657,33.28256,31.689802,34.81707,41.847637,15.638339,11.925817,37.04468,52.663155,50.047962,54.938717,61.963165
6.682416,11.292658,10.737894,11.29192,11.359375,2.3276951,4.398315,11.79714,20.599007,19.79991,20.383823,18.1438,23.596117,33.253117,31.651825,34.88425,41.91777,15.633773,11.929997,37.023876,52.77433,49.969345,54.91008,61.98508
4.821524,8.106231,7.7290134,8.1461935,8.122232,1.6744261,3.183668,8.605216,14.678719,14.204174,14.63643,12.939192,16.834955,23.770021,22.59231,24.846952,28.724829,11.097108,8.814113,28.533453,39.99135,37.970272,41.365963,44.11719
4.816044,8.105964,7.7469707,8.132783,8.118877,1.676396,3.1769006,8.59403,14.6569605,14.219881,14.557204,12.9605465,16.816885,23.747011,22.61442,24.852291,28.798603,11.097301,8.782943,28.5214,39.903023,38.02826,41.45224,44.174065
4.811009,8.102869,7.7462053,8.142875,8.107438,1.6773094,3.183553,8.599251,14.6392355,14.197916,14.587691,12.924599,16.819399,23.748266,22.597136,24.899858,28.78039,11.0964155,8.797902,28.502123,39.96167,37.97411,41.361797,44.097057
8.690756,14.513831,13.837635,14.599682,14.6639,3.0040467,5.706654,15.303616,26.588667,25.56011,26.30132,23.217829,30.370226,43.08048,41.185677,45.245945,53.485916,20.049093,15.41423,47.911175,67.36757,64.15503,70.718376,79.77734
8.688825,14.520755,13.830405,14.590012,14.696442,3.000037,5.7052364,15.312813,26.545408,25.5875,26.310299,23.177038,30.349272,43.255142,41.21504,45.255222,53.46465,20.051779,15.39505,47.88511,67.36225,64.14485,70.50913,79.80078
8.695364,14.511741,13.84982,14.588707,14.678231,3.009361,5.7154784,15.269274,26.575085,25.596138,26.272413,23.272932,30.42453,43.11101,41.27404,45.177834,53.476772,20.028175,15.401723,47.917717,67.39185,64.24173,70.74423,79.75547
7.6123867,12.826024,12.167203,12.874689,12.845673,2.620396,5.0057554,13.420516,23.208168,22.509438,23.019674,20.510118,26.87783,37.87472,36.03177,39.38931,47.60182,17.719175,13.5016165,42.155113,59.627647,56.444637,61.944767,69.67117
7.608611,12.827167,12.161893,12.878039,12.844691,2.625898,5.0053496,13.428806,23.200129,22.499193,23.02425,20.512468,26.882406,37.903057,36.075317,39.412434,47.517807,17.726343,13.505935,42.10149,59.6855,56.474247,61.921837,69.62392
7.603776,12.830408,12.162074,12.879881,12.859627,2.6245754,5.0011616,13.42767,23.212852,22.483,23.015507,20.506128,26.951212,37.772415,36.07849,39.367817,47.54118,17.722853,13.478617,42.136097,59.71234,56.41821,61.95416,69.802795
7.4693947,12.363081,11.791427,12.488826,12.434688,2.565396,4.9560475,13.212877,22.633877,21.837755,22.460659,19.989994,25.81601,35.918728,34.67205,38.02882,43.736862,16.951273,13.425311,43.261005,61.49685,58.0803,63.720688,67.35347
7.456875,12.386215,11.777641,12.459501,12.418455,2.5689578,4.9394774,13.218665,22.694864,21.8239,22.487055,19.921087,25.828232,35.874397,34.669033,38.01951,43.572678,16.978085,13.418822,43.33182,61.403576,58.19074,63.44389,67.48968
7.444861,12.388109,11.792679,12.452012,12.422076,2.5732725,4.9351444,13.237783,22.660872,21.791763,22.536142,19.941536,25.863565,35.814327,34.551506,38.00516,43.62293,16.971529,13.40859,43.384563,61.59459,58.22326,63.444363,67.65145
5.9342384,9.929134,9.451052,9.991502,10.004656,2.055239,3.8832266,10.581718,18.154194,17.418331,17.993803,15.832567,20.757683,28.883162,27.494244,30.4453,34.978477,13.63246,10.78165,34.757675,48.84859,46.809708,50.565,54.10942
5.932219,9.927498,9.455421,9.99495,10.004349,2.0549269,3.8881392,10.580549,18.162832,17.410118,17.964235,15.806841,20.755957,28.863708,27.525743,30.43101,34.959415,13.639222,10.785988,34.786484,48.937748,46.817284,50.58298,54.05693
5.9337916,9.929356,9.454301,9.994819,10.009224,2.0542874,3.8834422,10.571597,18.151297,17.403975,17.983582,15.832548,20.741085,28.871065,27.502525,30.417536,34.961308,13.635959,10.780363,34.797966,48.900326,46.82621,50.582397,54.133266
6.03731,10.104347,9.580815,10.169798,10.184577,2.0832317,3.9851081,10.605552,18.518131,17.764883,18.212238,16.171997,21.097126,29.390697,28.316847,30.911484,35.453907,13.828366,10.954418,35.20564,49.60085,47.899887,51.470013,54.746555
6.0402956,10.102448,9.602536,10.176407,10.185942,2.0866277,3.9773483,10.591146,18.54822,17.764847,18.200344,16.233795,21.157341,29.400076,28.272228,30.746107,35.39976,13.833298,10.942495,35.151028,49.609833,47.908394,51.507706,54.670933
6.043904,10.10294,9.604149,10.172784,10.184314,2.086797,3.9854586,10.576027,18.55388,17.754206,18.200478,16.19037,21.126223,29.362934,28.34216,30.831682,35.427963,13.83494,10.9538965,35.20104,49.55892,47.941483,51.442665,54.827175
7.766318,13.133893,12.463025,13.191807,13.157456,2.7091112,5.123025,13.765917,23.874664,23.141855,23.652525,20.871864,27.497118,38.30654,37.169575,40.48528,48.09479,18.239923,13.886185,43.35134,60.748688,57.686527,63.736275,71.22389
7.76672,13.136593,12.464766,13.191315,13.156107,2.7103927,5.1232367,13.758397,23.868895,23.123535,23.63553,20.857883,27.486515,38.30643,37.161545,40.478035,48.16402,18.234453,13.888025,43.378872,60.77353,57.74351,63.747128,71.15705
7.7704735,13.133896,12.462643,13.192263,13.154493,2.7097561,5.1237183,13.762834,23.880299,23.108412,23.652748,20.876177,27.481165,38.31148,37.173264,40.476357,48.10725,18.233524,13.900463,43.374683,60.782677,57.73276,63.75358,71.229996
7.2104506,12.115048,11.509289,12.217996,12.120894,2.5071275,4.757345,12.707691,22.180893,21.041079,21.890455,19.408989,25.531914,35.705948,34.365948,37.92852,44.642365,16.900307,12.85627,39.516388,55.98443,54.097496,58.54296,66.15872
7.207663,12.111524,11.51492,12.22315,12.127069,2.5084429,4.756513,12.717186,22.166859,21.036856,21.891638,19.44129,25.553066,35.69872,34.32779,37.89096,44.62611,16.897491,12.86215,39.496723,55.967857,54.10129,58.595314,66.162346
7.217364,12.119996,11.511185,12.226563,12.134974,2.509327,4.7679048,12.711139,22.143549,21.045969,21.880508,19.452114,25.510885,35.719162,34.2555,37.81363,44.590885,16.90151,12.856076,39.53019,55.881252,54.00625,58.620983,66.312874
5.442056,9.097765,8.65455,9.089875,9.1158,1.8683869,3.5926883,9.587749,16.565393,15.997535,16.413927,14.54414,18.946198,26.341825,25.392601,27.823473,32.141125,12.430475,9.845129,31.88786,44.92063,43.007275,46.613297,49.523808
5.43378,9.08921,8.648566,9.100223,9.117446,1.8704287,3.6010253,9.563776,16.5649,15.9987135,16.40414,14.525997,18.929306,26.320745,25.384249,27.768764,32.082897,12.429549,9.835589,31.884193,44.86033,43.028763,46.591404,49.421024
5.440541,9.098321,8.658836,9.098368,9.117505,1.8708341,3.5991266,9.578071,16.565691,16.0045,16.403778,14.527833,18.94091,26.32568,25.3809,27.797516,32.09044,12.430135,9.84096,31.923227,44.950108,43.049156,46.590427,49.445652
7.615412,12.779939,12.166153,12.859907,12.927992,2.6477408,5.0439377,13.439527,23.163393,22.36631,23.218307,20.205976,26.995941,37.789352,35.87078,39.47176,46.993267,17.639217,13.481642,41.987034,59.380363,56.675915,62.252094,70.1461
7.6165657,12.7699,12.172438,12.859255,12.921961,2.6519763,5.0511017,13.412322,23.153742,22.321526,23.205095,20.171906,27.02727,37.82447,35.83453,39.386234,47.175823,17.643787,13.488567,41.982346,59.354103,56.64987,62.24084,70.19902
7.6131625,12.765692,12.15437,12.857599,12.929818,2.6515777,5.0449853,13.433019,23.143375,22.378923,23.208652,20.246214,26.980827,37.843544,35.94154,39.506145,47.003254,17.629152,13.487408,42.04905,59.414276,56.84651,62.34917,70.07474
6.153663,10.259827,9.742033,10.331,10.282157,2.1287882,4.0693913,10.907845,18.809584,18.04411,18.517529,16.462355,21.317833,30.057392,28.661015,31.44865,36.332638,14.089231,11.139616,36.24915,50.70452,48.818993,52.262783,56.511944
6.154486,10.251253,9.739459,10.321417,10.272186,2.1257849,4.075049,10.921294,18.822392,18.057512,18.558077,16.419754,21.384655,30.092062,28.590729,31.407547,36.299435,14.078137,11.130284,36.33612,50.74315,48.923443,52.298733,56.506977
6.1506486,10.248312,9.753644,10.328195,10.290307,2.1262417,4.0606513,10.904546,18.851562,18.057129,18.566032,16.47932,21.386774,30.04716,28.670916,31.435833,36.246803,14.090977,11.140744,36.236294,50.69189,48.779964,52.202335,56.51876
5.710439,9.503337,9.0661545,9.541097,9.579776,1.9613993,3.7660627,10.118895,17.305223,16.762314,17.26815,15.281929,19.805586,27.67797,26.525965,29.088968,33.515625,13.054594,10.356346,33.451317,46.98937,45.008934,48.59226,52.043983
5.719974,9.505677,9.077933,9.530988,9.578304,1.9600604,3.7652369,10.154812,17.31548,16.79881,17.26089,15.311607,19.801357,27.632029,26.508568,29.022232,33.502125,13.048561,10.35734,33.46685,47.011086,45.01141,48.584366,52.07163
5.7196746,9.509326,9.072583,9.533701,9.573549,1.9567877,3.7456656,10.132907,17.342148,16.786602,17.274675,15.335819,19.773884,27.687563,26.51192,29.111784,33.461723,13.046335,10.352294,33.4468,46.988224,45.012665,48.50992,52.139706
6.5549374,10.983618,10.47724,11.033396,11.057711,2.2714221,4.3487053,11.633905,20.136827,19.26928,19.886984,17.631166,22.918362,32.204617,30.862103,33.677982,38.89034,15.074,11.903265,38.69472,54.157898,51.881195,56.217083,59.68032
6.5608444,10.971354,10.4839525,11.031799,11.056097,2.2678645,4.3707256,11.628724,20.10277,19.270851,19.88101,17.632849,22.956463,32.23615,30.79854,33.674297,38.963448,15.069495,11.881087,38.734814,54.273113,51.916435,56.237125,59.69793
6.5465384,10.969428,10.48619,11.033792,11.039348,2.271102,4.3657713,11.642521,20.134975,19.283041,19.867926,17.643978,22.942535,32.293404,30.799234,33.715668,38.854706,15.065706,11.902739,38.747253,54.23554,51.962936,56.23181,59.740265
6.4847336,10.83164,10.313458,10.896627,10.98524,2.2228348,4.3038907,11.4235735,19.792343,18.965319,19.482729,17.28687,22.565025,31.619299,30.174484,33.189823,37.887234,14.850526,11.658324,38.0326,53.174786,50.982765,55.581867,58.96495
6.483234,10.832007,10.317755,10.894137,10.970832,2.2274141,4.301067,11.419323,19.792599,18.95378,19.484604,17.259937,22.574776,31.619408,30.145449,33.2272,37.945976,14.863028,11.65904,38.05264,53.069256,50.9496,55.64872,58.97052
6.486505,10.835434,10.31767,10.892634,10.973441,2.2225862,4.3030047,11.432628,19.788652,18.964287,19.488682,17.27501,22.566065,31.662588,30.160233,33.194748,37.89085,14.85726,11.65624,38.052868,53.15855,50.973972,55.639835,58.916645
6.6835337,11.153106,10.628484,11.166325,11.224725,2.2616234,4.4524975,11.721726,20.378704,19.418102,20.215616,17.92748,23.558224,32.07391,31.013945,33.92243,39.379765,15.254399,12.106834,39.030296,54.7703,52.65093,57.00576,60.773808
6.6846647,11.151278,10.640664,11.182246,11.22797,2.2619593,4.4572926,11.738736,20.359392,19.410692,20.231388,17.890156,23.508585,32.135757,30.977465,33.911304,39.319798,15.25385,12.113671,39.06723,54.764145,52.566204,56.968456,60.691093
6.691581,11.158468,10.633368,11.183335,11.233798,2.263571,4.450624,11.734887,20.392555,19.42285,20.216808,17.895525,23.503252,32.099518,30.955654,33.904488,39.366287,15.253398,12.104699,39.14591,54.7383,52.614983,56.9872,60.70707
5.8468766,9.747457,9.295861,9.786134,9.839275,2.015712,3.8614447,10.371614,17.791164,17.142633,17.600634,15.442324,20.30438,28.360916,27.173033,29.936146,34.49327,13.356984,10.627043,34.076256,47.623024,45.74489,50.005203,53.210213
5.8343744,9.751341,9.294737,9.784424,9.822973,2.0164073,3.8567162,10.376625,17.755424,17.147049,17.611927,15.463718,20.278631,28.38421,27.158548,29.879889,34.531406,13.354509,10.61967,34.10134,47.61913,45.745476,49.852913,53.133545
5.83199,9.747751,9.303373,9.777519,9.811456,2.0194402,3.8574598,10.361654,17.743061,17.127346,17.605793,15.502229,20.239946,28.373499,27.155653,29.779316,34.412006,13.346946,10.614886,34.24575,47.769905,45.769833,49.818756,53.24911
6.120367,10.298827,9.77138,10.321307,10.289177,2.1167061,4.067375,10.94265,18.83814,18.120443,18.624182,16.38111,21.34309,29.732185,28.564486,31.314365,36.60858,14.103904,11.087184,35.99075,50.51565,48.73436,52.197285,55.82421
6.1274943,10.272514,9.777357,10.286435,10.316005,2.1175127,4.0953174,10.953709,18.84911,18.156298,18.658995,16.355057,21.384151,29.704119,28.57109,31.369938,36.50063,14.103631,11.1022215,35.922855,50.508163,48.5922,52.39001,55.816364
6.11026,10.297556,9.762955,10.31771,10.292666,2.1188269,4.0680294,10.966226,18.807034,18.116337,18.62177,16.437687,21.299894,29.750381,28.60278,31.317726,36.60603,14.11293,11.102104,35.96977,50.513367,48.7444,52.13141,55.928165
8.291063,13.89661,13.26569,14.035879,14.049906,2.8719654,5.489877,14.862603,25.626787,24.542028,25.307644,22.55301,29.224163,40.932713,39.468994,43.337864,51.582375,19.390285,14.738781,45.80557,64.80318,61.802296,67.9619,76.1736
8.279292,13.89826,13.277479,14.017428,14.038341,2.8700492,5.491999,14.848196,25.62992,24.574038,25.310516,22.558956,29.170992,40.916245,39.360985,43.57134,51.599426,19.425835,14.724066,45.710266,65.00388,61.96453,67.797485,76.09653
8.289933,13.892549,13.280141,14.008534,14.043378,2.8681448,5.4790583,14.820617,25.587809,24.605066,25.31145,22.496738,29.201136,41.01219,39.32507,43.628765,51.589294,19.40192,14.731206,45.70449,65.101715,62.094677,67.77782,76.05517
8.428008,14.195254,13.552789,14.282599,14.457149,2.9263754,5.611899,14.999271,25.970297,24.848293,25.730978,22.593155,29.741087,41.661594,39.81438,44.060616,51.983543,19.745785,15.111188,46.71817,66.186356,63.182823,69.476364,77.645966
8.420961,14.1907835,13.546422,14.286216,14.431259,2.927723,5.6118197,15.001095,25.9747,24.865145,25.724398,22.603619,29.700016,41.593906,39.845387,44.084236,51.984604,19.74878,15.09978,46.67438,66.211,63.226833,69.47493,77.60154
8.431982,14.183605,13.567012,14.275129,14.470978,2.9262078,5.611873,14.994608,25.916498,24.861704,25.699427,22.585737,29.690454,41.679676,39.872337,43.987892,51.91387,19.755007,15.111235,46.586742,66.04214,63.14518,69.34257,77.90349
9.037218,15.245042,14.483696,15.285015,15.249294,3.1300366,5.950929,15.949137,27.60083,26.685555,27.594204,24.451036,32.144848,44.66881,43.23117,47.667164,56.516838,21.196613,15.98435,49.970734,70.79858,67.905235,73.18753,82.92044
9.057147,15.233393,14.477999,15.295357,15.235896,3.129843,5.962925,15.940216,27.61768,26.653364,27.556133,24.402622,32.09567,44.636753,43.152702,47.830307,56.566177,21.181791,15.967923,49.92486,70.9592,67.72426,73.09992,82.92117
9.0540495,15.2413435,14.473323,15.300506,15.244713,3.1297245,5.971881,15.962696,27.648586,26.692892,27.608912,24.424742,32.122017,44.664806,43.162243,47.75702,56.44661,21.177225,15.962435,49.870075,70.83634,67.71325,72.98034,82.91189
8.652474,14.588826,13.917549,14.713408,14.707936,3.0120559,5.7124925,15.401929,26.614948,25.639742,26.653717,23.391174,31.098288,43.159267,41.44625,45.969448,54.439827,20.287891,15.461956,48.255867,68.07387,65.36671,70.39571,80.08031
8.679151,14.57527,13.886403,14.711235,14.722307,3.0149045,5.7293043,15.453611,26.679867,25.67662,26.636948,23.33906,30.995224,43.126427,41.376568,45.848427,54.43737,20.287264,15.469365,48.37401,68.21167,65.22572,70.56329,80.12865
8.65045,14.560789,13.909446,14.722748,14.701458,3.0136075,5.717869,15.43192,26.658983,25.653446,26.601948,23.369606,31.033825,43.201168,41.46457,45.847878,54.5151,20.277792,15.490213,48.29446,68.18922,65.36571,70.33855,80.14937
9.266925,15.656523,14.872371,15.774876,15.70013,3.2332072,6.2043366,16.430157,28.485947,27.556105,28.350897,25.103361,32.48014,46.299126,44.464935,48.642307,58.334717,21.64838,16.552849,51.395863,72.363045,68.77372,75.56691,84.97895
9.284725,15.630461,14.880328,15.729772,15.707396,3.2309344,6.2205286,16.492113,28.59459,27.485128,28.276329,25.261528,32.398727,46.25036,44.338642,48.622257,58.446556,21.661463,16.608046,51.461494,72.64926,68.78778,75.79558,85.3779
9.281534,15.666567,14.896997,15.768893,15.665888,3.2427456,6.1920333,16.425749,28.497149,27.57744,28.3944,25.115503,32.503693,46.384804,44.444252,48.768097,58.685474,21.651554,16.585701,51.331448,72.52052,68.66734,75.654755,85.19027
8.704077,14.676814,13.993844,14.825252,14.845962,3.05463,5.6668572,15.680895,26.914776,25.887512,26.560022,23.64462,31.378502,43.309082,41.60351,45.703564,55.208492,20.410858,15.419992,48.90687,68.9303,65.68068,71.21169,80.07995
8.716256,14.728325,14.064953,14.855262,14.86484,3.058116,5.7116,15.470261,27.025883,25.778214,27.078579,23.500282,31.132082,43.28442,41.427376,46.044807,55.4019,20.412937,15.571835,48.714005,69.714966,65.28249,71.73559,81.0309
8.723292,14.722214,14.045618,14.87031,14.825107,3.0538309,5.718611,15.468227,26.912537,25.84735,27.008402,23.471897,31.119915,43.13732,41.493717,46.022655,54.984333,20.43361,15.61974,48.66777,69.88306,65.39731,71.37927,81.007996
